source,user_name,rating,feedback_text,review_date,feedback_length,rating_category
Google Play,Aarian,4,its alr,2026-07-09 05:37:04.000000,7,Positive
Google Play,syed ayaan,1,after i downloaded i am getting a space between my text message box and keyboard in my device,2026-07-09 04:58:41.000000,93,Negative
Google Play,Dylan Chong,1,the app keep crashing upon opening on my android 16 phone already uninstall clear cache storage etc vut doesn t help,2026-07-09 04:50:39.000000,116,Negative
Google Play,Seema Chougule,5,goted,2026-07-09 04:41:22.000000,5,Positive
Google Play,Rain JK,5,this is good for school and work,2026-07-09 04:41:08.000000,32,Positive
Google Play,Kasiviswaratnam Baisetti,5,good performance,2026-07-09 04:22:08.000000,16,Positive
Google Play,Taleesha Hillman,5,user friendly and enhances productivity with meetings on the go,2026-07-09 04:10:07.000000,63,Positive
Google Play,Azizul Hakiim,5,nice work teams,2026-07-09 04:04:21.000000,15,Positive
Google Play,Vikas Singh,5,good,2026-07-09 03:43:34.000000,4,Positive
Google Play,Monosij Nayek,1,huge blank space area coming above the keyboard and input box where text is shown after latest updates,2026-07-09 03:38:00.000000,102,Negative
Google Play,Brian Shinall,3,teams as a real time communication isn t great at showing sorting notifications my largest issue is if multiple notifications of people messaging me if i open teams all notifications that you might miss that you ll want to catch up on doesn t exist,2026-07-09 03:13:50.000000,248,Neutral
Google Play,Sheila Krause,5,not sure,2026-07-09 03:01:04.000000,8,Positive
Google Play,Amiena Fakier,5,great,2026-07-09 02:44:15.000000,5,Positive
Google Play,Boon,2,notifications for old meetings keeps popping in when connected to android auto,2026-07-09 01:37:01.000000,78,Negative
Google Play,Guy,2,i question the privacy of this app keeps recording in the background,2026-07-09 01:09:27.000000,68,Negative
Google Play,Allen Mendoza,1,stuck on hang tight we re opening ms teams,2026-07-09 00:47:08.000000,42,Negative
Google Play,himanshu kadam,5,great app no hangs just seamless,2026-07-08 23:17:52.000000,32,Positive
Google Play,Ayesha Ishrat,5,i can t login back into my account,2026-07-08 21:20:29.000000,34,Positive
Google Play,Maria Luisa Belle,5,satisfied with this application,2026-07-08 21:00:09.000000,31,Positive
Google Play,Morgan Family,1,worked great for 3 years since last update random bluetooth failures and notifications for meetings i never accepted or declined i use this for work and this is not ideal,2026-07-08 20:52:18.000000,170,Negative
Google Play,Travis Stills,1,awful,2026-07-08 19:52:00.000000,5,Negative
Google Play,Hanan Abo Al Hajal,1,very heavy and slow,2026-07-08 19:48:49.000000,19,Negative
Google Play,Cody Menefee,2,buggy and unreliable,2026-07-08 18:29:21.000000,20,Negative
Google Play,Darcy Richardson,5,phone app works flawless,2026-07-08 18:26:14.000000,24,Positive
Google Play,Malti Yadav,5,this app helps student and people alot in covid when there was no sight of people to meet then this app helped everyone contact and now also helps in people contact eachother,2026-07-08 17:49:41.000000,174,Positive
Google Play,Kartick Majhi,5,please share notification all time,2026-07-08 17:39:01.000000,34,Positive
Google Play,Pavan b,5,i created the account using google sign but now i want to add a password for easy login can you help me with the process,2026-07-08 16:57:05.000000,120,Positive
Google Play,Abdulwahab Ishaq,5,very nice app,2026-07-08 16:54:35.000000,13,Positive
Google Play,Carlo Rizzuti,1,after the july 7th 2026 update you completely ruined teams we are now unable to search and open older chats within the app,2026-07-08 16:12:47.000000,122,Negative
Google Play,Ambrose Olodia,5,excellent,2026-07-08 16:03:34.000000,9,Positive
Google Play,CYNTHIA M,1,i don t see my information,2026-07-08 15:57:10.000000,26,Negative
Google Play,Yonela Lupindo,5,microsoft teams is an excellent collaboration app that makes it easy to communicate and work with others the video and audio quality are reliable file sharing is simple and the chat feature keeps conversations organized it integrates well with microsoft office apps making teamwork more efficient overall it s a great platform for work meetings and staying connected with colleagues,2026-07-08 15:18:14.000000,382,Positive
Google Play,Kevyn25 Zebaze,5,great,2026-07-08 14:20:14.000000,5,Positive
Google Play,Bijal Mehta,4,for the most part teams works but then there are times when you can tell the program is bloated and does not work,2026-07-08 13:59:45.000000,113,Positive
Google Play,Me,5,great app,2026-07-08 13:54:35.000000,9,Positive
Google Play,Md Somir,5,momenur rahman,2026-07-08 13:22:29.000000,14,Positive
Google Play,kottha sridhar,5,good user friendly,2026-07-08 12:58:20.000000,18,Positive
Google Play,Chuck Skidmore,3,the app is a nice front end to the teams website however similar to the vast majority of other apps there isn t much value added over what i experience on the website most apps including teams unfortunately have far less features than the website 2006 lowering the rating due to a recent surge in spam messages,2026-07-08 12:44:33.000000,310,Neutral
Google Play,EVERESTUS ONOYIMA,4,not too good,2026-07-08 12:06:33.000000,12,Positive
Google Play,Navya Jain,5,goatedddd,2026-07-08 11:20:40.000000,9,Positive
Google Play,PUSHPARAJ SHUKLA,5,good,2026-07-08 10:02:55.000000,4,Positive
Google Play,Renata Razaityte,4,at first it was difficult to download for me the app wasn t working properly,2026-07-08 08:22:28.000000,76,Positive
Google Play,Phil Morris,1,broken again you just can t rely on this app you will trust it then it will break and let you down,2026-07-08 08:16:05.000000,98,Negative
Google Play,Sonal Jadhav,5,please help,2026-07-08 07:41:17.000000,11,Positive
Google Play,Chethana Ranasinghe,5,microsoft teams is a reliable and feature rich collaboration platform it makes communication easy with chat video meetings file sharing and seamless integration with microsoft 365 the interface is user friendly and it s an excellent tool for remote work online learning and team collaboration overall it s a great platform for staying connected and productive,2026-07-08 07:28:29.000000,359,Positive
Survey,Survey_User,5,excellent application,2026-07-10 05:51:53.968762,21,Positive
Survey,Survey_User,2,app crashes frequently,2026-07-10 05:51:53.968762,22,Negative
Survey,Survey_User,4,need dark mode support,2026-07-10 05:51:53.968762,22,Positive
Survey,Survey_User,1,login issues after update,2026-07-10 05:51:53.968762,25,Negative
Survey,Survey_User,5,very user friendly,2026-07-10 05:51:53.968762,18,Positive
Survey,Survey_User,2,performance is very slow,2026-07-10 05:51:53.968762,24,Negative
Survey,Survey_User,4,love the collaboration features,2026-07-10 05:51:53.968762,31,Positive
Survey,Survey_User,1,getting disconnected often,2026-07-10 05:51:53.968762,26,Negative
Survey,Survey_User,5,excellent experience,2026-07-10 05:51:53.968762,20,Positive
Survey,Survey_User,3,need better notification controls,2026-07-10 05:51:53.968762,33,Neutral
